Phase,Task ID,Task Name,Description,Priority,Status,Assigned To,Estimated Hours,Start Date,Due Date,Dependencies,Deliverables,Notes
Phase 1 - Foundation,1.1,Create Course Integration Model,Create gr.course.integration model to bridge eLearning courses with training programs,High,Pending,Developer,8,2025-09-18,2025-09-20,None,gr.course.integration model with all required fields,Foundation for integration
Phase 1 - Foundation,1.2,Create Training Program Model,Create gr.training.program model to define structured training programs,High,Pending,Developer,6,2025-09-18,2025-09-20,None,gr.training.program model with course relationships,Core program management
Phase 1 - Foundation,1.3,Create Progress Tracker Model,Create gr.progress.tracker model for unified progress tracking,High,Pending,Developer,10,2025-09-19,2025-09-21,1.1;1.2,gr.progress.tracker model with computed fields,Unified progress monitoring
Phase 1 - Foundation,1.4,Enhance Student Model,Add eLearning integration fields to gr.student model,Medium,Pending,Developer,6,2025-09-20,2025-09-22,None,Enhanced student model with eLearning fields,Student-eLearning connection
Phase 1 - Foundation,1.5,Create Basic Views,Create CRUD views for new integration models,Medium,Pending,Developer,12,2025-09-21,2025-09-25,1.1;1.2;1.3,Form and list views for all new models,User interface foundation
Phase 1 - Foundation,1.6,Setup Security,Configure access rights and permissions for new models,Medium,Pending,Developer,4,2025-09-22,2025-09-23,1.1;1.2;1.3,Security groups and access rules,Data protection
Phase 1 - Foundation,1.7,Basic Testing,Test CRUD operations for all new models,Low,Pending,QA,6,2025-09-24,2025-09-25,1.5;1.6,Test results and bug reports,Quality assurance
Phase 1 - Foundation,1.8,Documentation,Document new models and their relationships,Low,Pending,Developer,4,2025-09-25,2025-09-26,1.7,Technical documentation,Knowledge transfer
Phase 2 - Core Integration,2.1,Enrollment Automation,Implement auto-enrollment based on eligibility criteria,High,Pending,Developer,16,2025-09-26,2025-09-30,1.4,Automated enrollment system,Streamlined onboarding
Phase 2 - Core Integration,2.2,Progress Synchronization,Implement real-time progress updates between systems,High,Pending,Developer,20,2025-09-27,2025-10-02,1.3,Progress sync mechanism,Data consistency
Phase 2 - Core Integration,2.3,Manual Enrollment Workflow,Create manual enrollment interface for agents,Medium,Pending,Developer,12,2025-09-28,2025-10-01,2.1,Manual enrollment interface,Agent control
Phase 2 - Core Integration,2.4,Data Validation,Implement cross-system data consistency checks,Medium,Pending,Developer,10,2025-09-29,2025-10-02,2.2,Data validation system,Data integrity
Phase 2 - Core Integration,2.5,Error Handling,Implement comprehensive error handling and recovery,Medium,Pending,Developer,8,2025-09-30,2025-10-03,2.4,Error handling system,System reliability
Phase 2 - Core Integration,2.6,Basic Reporting,Create integration status and progress reports,Low,Pending,Developer,12,2025-10-01,2025-10-04,2.2,Basic reporting system,Progress visibility
Phase 2 - Core Integration,2.7,Integration Testing,Test enrollment and progress synchronization,Medium,Pending,QA,10,2025-10-03,2025-10-05,2.5;2.6,Integration test results,Quality validation
Phase 2 - Core Integration,2.8,Performance Optimization,Optimize database queries and batch processing,Low,Pending,Developer,8,2025-10-04,2025-10-06,2.7,Performance improvements,System efficiency
Phase 3 - Advanced Features,3.1,Unified Dashboard,Create combined view of eLearning and training progress,High,Pending,Developer,24,2025-10-07,2025-10-11,2.6,Interactive dashboard,User experience
Phase 3 - Advanced Features,3.2,Real-time Updates,Implement real-time status updates and notifications,High,Pending,Developer,16,2025-10-08,2025-10-12,3.1,Real-time update system,Immediate feedback
Phase 3 - Advanced Features,3.3,Interactive Charts,Create progress visualization and analytics charts,Medium,Pending,Developer,14,2025-10-09,2025-10-13,3.1,Interactive charts and graphs,Visual analytics
Phase 3 - Advanced Features,3.4,Advanced Analytics,Implement performance metrics and completion analysis,Medium,Pending,Developer,18,2025-10-10,2025-10-14,3.3,Advanced analytics system,Business intelligence
Phase 3 - Advanced Features,3.5,Notification System,Create milestone notifications and completion alerts,Medium,Pending,Developer,12,2025-10-11,2025-10-15,3.2,Notification system,User engagement
Phase 3 - Advanced Features,3.6,Reminder System,Implement automated reminder system for incomplete courses,Low,Pending,Developer,10,2025-10-12,2025-10-16,3.5,Reminder system,Progress acceleration
Phase 3 - Advanced Features,3.7,Certificate Integration,Integrate automated certificate generation with eLearning completion,High,Pending,Developer,16,2025-10-13,2025-10-17,3.4,Certificate integration,Automated certification
Phase 3 - Advanced Features,3.8,User Experience Testing,Test unified dashboard and advanced features,Medium,Pending,QA,12,2025-10-16,2025-10-18,3.7,UX test results,User satisfaction
Phase 4 - Testing & Optimization,4.1,End-to-End Testing,Comprehensive testing of complete integration workflow,High,Pending,QA,20,2025-10-19,2025-10-23,3.8,End-to-end test results,System validation
Phase 4 - Testing & Optimization,4.2,Data Synchronization Testing,Test all data sync scenarios and edge cases,High,Pending,QA,16,2025-10-20,2025-10-24,4.1,Data sync test results,Data reliability
Phase 4 - Testing & Optimization,4.3,Error Scenario Testing,Test error handling and recovery mechanisms,Medium,Pending,QA,12,2025-10-21,2025-10-25,4.2,Error scenario test results,Fault tolerance
Phase 4 - Testing & Optimization,4.4,Performance Testing,Load testing and performance optimization,Medium,Pending,Developer,16,2025-10-22,2025-10-26,4.3,Performance test results,System scalability
Phase 4 - Testing & Optimization,4.5,Database Optimization,Optimize database queries and implement caching,Low,Pending,Developer,12,2025-10-23,2025-10-27,4.4,Database optimizations,Query efficiency
Phase 4 - Testing & Optimization,4.6,Batch Processing Optimization,Optimize batch processing for large datasets,Low,Pending,Developer,10,2025-10-24,2025-10-28,4.5,Batch processing improvements,Processing efficiency
Phase 4 - Testing & Optimization,4.7,User Acceptance Testing,Final user testing and feedback collection,High,Pending,QA,14,2025-10-25,2025-10-29,4.6,UAT results and feedback,User validation
Phase 4 - Testing & Optimization,4.8,User Manual Updates,Update user documentation and training materials,Medium,Pending,Developer,8,2025-10-26,2025-10-30,4.7,Updated user documentation,Knowledge transfer
Phase 4 - Testing & Optimization,4.9,Technical Documentation,Complete technical documentation and API docs,Low,Pending,Developer,10,2025-10-27,2025-10-31,4.8,Technical documentation,Maintenance support
Phase 4 - Testing & Optimization,4.10,Training Materials,Create video tutorials and training materials,Low,Pending,Developer,12,2025-10-28,2025-11-01,4.9,Training materials,User onboarding
Phase 4 - Testing & Optimization,4.11,Deployment Preparation,Prepare production deployment and rollback procedures,Medium,Pending,DevOps,8,2025-10-29,2025-11-01,4.10,Deployment procedures,Production readiness
Phase 4 - Testing & Optimization,4.12,Final Review,Comprehensive project review and sign-off,High,Pending,Project Manager,4,2025-11-01,2025-11-02,4.11,Project completion report,Project closure
